{"attributes": {"name": "Country", "complete": "0", "embedded": "0", "category-codelist": null}, "metadata": {"name": "Country", "description": "\n            The Country codelist is generated from the ISO 3166-1 part of the\n            ISO 3166 standard. The standard makes allowance, alongside the\n            officially assigned codes, for code elements to be expanded by\n            using either reserved codes or user-assigned codes. IATI currently\n            defines additional codes in the XA -XZ range.\n        ", "category": "Replicated", "url": "http://www.iso.org/iso/home/standards/country_codes.htm"}, "data": [{"code": "AF", "name": "Afghanistan", "status": "active"}, {"code": "AX", "name": "\u00c5land Islands", "status": "active"}, {"code": "AL", "name": "Albania", "status": "active"}, {"code": "DZ", "name": "Algeria", "status": "active"}, {"code": "AS", "name": "American Samoa", "status": "active"}, {"code": "AD", "name": "Andorra", "status": "active"}, {"code": "AO", "name": "Angola", "status": "active"}, {"code": "AI", "name": "Anguilla", "status": "active"}, {"code": "AQ", "name": "Antarctica", "status": "active"}, {"code": "AG", "name": "Antigua and Barbuda", "status": "active"}, {"code": "AR", "name": "Argentina", "status": "active"}, {"code": "AM", "name": "Armenia", "status": "active"}, {"code": "AW", "name": "Aruba", "status": "active"}, {"code": "AU", "name": "Australia", "status": "active"}, {"code": "AT", "name": "Austria", "status": "active"}, {"code": "AZ", "name": "Azerbaijan", "status": "active"}, {"code": "BS", "name": "Bahamas (the)", "status": "active"}, {"code": "BH", "name": "Bahrain", "status": "active"}, {"code": "BD", "name": "Bangladesh", "status": "active"}, {"code": "BB", "name": "Barbados", "status": "active"}, {"code": "BY", "name": "Belarus", "status": "active"}, {"code": "BE", "name": "Belgium", "status": "active"}, {"code": "BZ", "name": "Belize", "status": "active"}, {"code": "BJ", "name": "Benin", "status": "active"}, {"code": "BM", "name": "Bermuda", "status": "active"}, {"code": "BT", "name": "Bhutan", "status": "active"}, {"code": "BO", "name": "Bolivia (Plurinational State of)", "status": "active"}, {"code": "BQ", "name": "Bonaire, Sint Eustatius and Saba", "status": "active"}, {"code": "BA", "name": "Bosnia and Herzegovina", "status": "active"}, {"code": "BW", "name": "Botswana", "status": "active"}, {"code": "BV", "name": "Bouvet Island", "status": "active"}, {"code": "BR", "name": "Brazil", "status": "active"}, {"code": "IO", "name": "British Indian Ocean Territory (the)", "status": "active"}, {"code": "BN", "name": "Brunei Darussalam", "status": "active"}, {"code": "BG", "name": "Bulgaria", "status": "active"}, {"code": "BF", "name": "Burkina Faso", "status": "active"}, {"code": "BI", "name": "Burundi", "status": "active"}, {"code": "KH", "name": "Cambodia", "status": "active"}, {"code": "CM", "name": "Cameroon", "status": "active"}, {"code": "CA", "name": "Canada", "status": "active"}, {"code": "CV", "name": "Cabo Verde", "status": "active"}, {"code": "KY", "name": "Cayman Islands (the)", "status": "active"}, {"code": "CF", "name": "Central African Republic (the)", "status": "active"}, {"code": "TD", "name": "Chad", "status": "active"}, {"code": "CL", "name": "Chile", "status": "active"}, {"code": "CN", "name": "China", "status": "active"}, {"code": "CX", "name": "Christmas Island", "status": "active"}, {"code": "CC", "name": "Cocos (Keeling) Islands (the)", "status": "active"}, {"code": "CO", "name": "Colombia", "status": "active"}, {"code": "KM", "name": "Comoros (the)", "status": "active"}, {"code": "CG", "name": "Congo (the)", "status": "active"}, {"code": "CD", "name": "Congo (the Democratic Republic of the)", "status": "active"}, {"code": "CK", "name": "Cook Islands (the)", "status": "active"}, {"code": "CR", "name": "Costa Rica", "status": "active"}, {"code": "CI", "name": "C\u00f4te d'Ivoire", "status": "active"}, {"code": "HR", "name": "Croatia", "status": "active"}, {"code": "CU", "name": "Cuba", "status": "active"}, {"code": "CW", "name": "Cura\u00e7ao", "status": "active"}, {"code": "CY", "name": "Cyprus", "status": "active"}, {"code": "CZ", "name": "Czechia", "status": "active"}, {"code": "DK", "name": "Denmark", "status": "active"}, {"code": "DJ", "name": "Djibouti", "status": "active"}, {"code": "DM", "name": "Dominica", "status": "active"}, {"code": "DO", "name": "Dominican Republic (the)", "status": "active"}, {"code": "EC", "name": "Ecuador", "status": "active"}, {"code": "EG", "name": "Egypt", "status": "active"}, {"code": "SV", "name": "El Salvador", "status": "active"}, {"code": "GQ", "name": "Equatorial Guinea", "status": "active"}, {"code": "ER", "name": "Eritrea", "status": "active"}, {"code": "EE", "name": "Estonia", "status": "active"}, {"code": "ET", "name": "Ethiopia", "status": "active"}, {"code": "FK", "name": "Falkland Islands (the) [Malvinas]", "status": "active"}, {"code": "FO", "name": "Faroe Islands (the)", "status": "active"}, {"code": "FJ", "name": "Fiji", "status": "active"}, {"code": "FI", "name": "Finland", "status": "active"}, {"code": "FR", "name": "France", "status": "active"}, {"code": "GF", "name": "French Guiana", "status": "active"}, {"code": "PF", "name": "French Polynesia", "status": "active"}, {"code": "TF", "name": "French Southern Territories (the)", "status": "active"}, {"code": "GA", "name": "Gabon", "status": "active"}, {"code": "GM", "name": "Gambia (the)", "status": "active"}, {"code": "GE", "name": "Georgia", "status": "active"}, {"code": "DE", "name": "Germany", "status": "active"}, {"code": "GH", "name": "Ghana", "status": "active"}, {"code": "GI", "name": "Gibraltar", "status": "active"}, {"code": "GR", "name": "Greece", "status": "active"}, {"code": "GL", "name": "Greenland", "status": "active"}, {"code": "GD", "name": "Grenada", "status": "active"}, {"code": "GP", "name": "Guadeloupe", "status": "active"}, {"code": "GU", "name": "Guam", "status": "active"}, {"code": "GT", "name": "Guatemala", "status": "active"}, {"code": "GG", "name": "Guernsey", "status": "active"}, {"code": "GN", "name": "Guinea", "status": "active"}, {"code": "GW", "name": "Guinea-Bissau", "status": "active"}, {"code": "GY", "name": "Guyana", "status": "active"}, {"code": "HT", "name": "Haiti", "status": "active"}, {"code": "HM", "name": "Heard Island and McDonald Islands", "status": "active"}, {"code": "VA", "name": "Holy See (the)", "status": "active"}, {"code": "HN", "name": "Honduras", "status": "active"}, {"code": "HK", "name": "Hong Kong", "status": "active"}, {"code": "HU", "name": "Hungary", "status": "active"}, {"code": "IS", "name": "Iceland", "status": "active"}, {"code": "IN", "name": "India", "status": "active"}, {"code": "ID", "name": "Indonesia", "status": "active"}, {"code": "IR", "name": "Iran (Islamic Republic of)", "status": "active"}, {"code": "IQ", "name": "Iraq", "status": "active"}, {"code": "IE", "name": "Ireland", "status": "active"}, {"code": "IM", "name": "Isle of Man", "status": "active"}, {"code": "IL", "name": "Israel", "status": "active"}, {"code": "IT", "name": "Italy", "status": "active"}, {"code": "JM", "name": "Jamaica", "status": "active"}, {"code": "JP", "name": "Japan", "status": "active"}, {"code": "JE", "name": "Jersey", "status": "active"}, {"code": "JO", "name": "Jordan", "status": "active"}, {"code": "KZ", "name": "Kazakhstan", "status": "active"}, {"code": "KE", "name": "Kenya", "status": "active"}, {"code": "KI", "name": "Kiribati", "status": "active"}, {"code": "KP", "name": "Korea (the Democratic People's Republic of)", "status": "active"}, {"code": "KR", "name": "Korea (the Republic of)", "status": "active"}, {"code": "XK", "name": "Kosovo", "status": "active"}, {"code": "KW", "name": "Kuwait", "status": "active"}, {"code": "KG", "name": "Kyrgyzstan", "status": "active"}, {"code": "LA", "name": "Lao People's Democratic Republic (the)", "status": "active"}, {"code": "LV", "name": "Latvia", "status": "active"}, {"code": "LB", "name": "Lebanon", "status": "active"}, {"code": "LS", "name": "Lesotho", "status": "active"}, {"code": "LR", "name": "Liberia", "status": "active"}, {"code": "LY", "name": "Libya", "status": "active"}, {"code": "LI", "name": "Liechtenstein", "status": "active"}, {"code": "LT", "name": "Lithuania", "status": "active"}, {"code": "LU", "name": "Luxembourg", "status": "active"}, {"code": "MO", "name": "Macao", "status": "active"}, {"code": "MK", "name": "North Macedonia", "status": "active"}, {"code": "MG", "name": "Madagascar", "status": "active"}, {"code": "MW", "name": "Malawi", "status": "active"}, {"code": "MY", "name": "Malaysia", "status": "active"}, {"code": "MV", "name": "Maldives", "status": "active"}, {"code": "ML", "name": "Mali", "status": "active"}, {"code": "MT", "name": "Malta", "status": "active"}, {"code": "MH", "name": "Marshall Islands (the)", "status": "active"}, {"code": "MQ", "name": "Martinique", "status": "active"}, {"code": "MR", "name": "Mauritania", "status": "active"}, {"code": "MU", "name": "Mauritius", "status": "active"}, {"code": "YT", "name": "Mayotte", "status": "active"}, {"code": "MX", "name": "Mexico", "status": "active"}, {"code": "FM", "name": "Micronesia (Federated States of)", "status": "active"}, {"code": "MD", "name": "Moldova (the Republic of)", "status": "active"}, {"code": "MC", "name": "Monaco", "status": "active"}, {"code": "MN", "name": "Mongolia", "status": "active"}, {"code": "ME", "name": "Montenegro", "status": "active"}, {"code": "MS", "name": "Montserrat", "status": "active"}, {"code": "MA", "name": "Morocco", "status": "active"}, {"code": "MZ", "name": "Mozambique", "status": "active"}, {"code": "MM", "name": "Myanmar", "status": "active"}, {"code": "NA", "name": "Namibia", "status": "active"}, {"code": "NR", "name": "Nauru", "status": "active"}, {"code": "NP", "name": "Nepal", "status": "active"}, {"code": "NL", "name": "Netherlands (the)", "status": "active"}, {"code": "AN", "name": "NETHERLAND ANTILLES", "status": "withdrawn"}, {"code": "NC", "name": "New Caledonia", "status": "active"}, {"code": "NZ", "name": "New Zealand", "status": "active"}, {"code": "NI", "name": "Nicaragua", "status": "active"}, {"code": "NE", "name": "Niger (the)", "status": "active"}, {"code": "NG", "name": "Nigeria", "status": "active"}, {"code": "NU", "name": "Niue", "status": "active"}, {"code": "NF", "name": "Norfolk Island", "status": "active"}, {"code": "MP", "name": "Northern Mariana Islands (the)", "status": "active"}, {"code": "NO", "name": "Norway", "status": "active"}, {"code": "OM", "name": "Oman", "status": "active"}, {"code": "PK", "name": "Pakistan", "status": "active"}, {"code": "PW", "name": "Palau", "status": "active"}, {"code": "PS", "name": "Palestine, State of", "status": "active"}, {"code": "PA", "name": "Panama", "status": "active"}, {"code": "PG", "name": "Papua New Guinea", "status": "active"}, {"code": "PY", "name": "Paraguay", "status": "active"}, {"code": "PE", "name": "Peru", "status": "active"}, {"code": "PH", "name": "Philippines (the)", "status": "active"}, {"code": "PN", "name": "Pitcairn", "status": "active"}, {"code": "PL", "name": "Poland", "status": "active"}, {"code": "PT", "name": "Portugal", "status": "active"}, {"code": "PR", "name": "Puerto Rico", "status": "active"}, {"code": "QA", "name": "Qatar", "status": "active"}, {"code": "RE", "name": "R\u00e9union", "status": "active"}, {"code": "RO", "name": "Romania", "status": "active"}, {"code": "RU", "name": "Russian Federation (the)", "status": "active"}, {"code": "RW", "name": "Rwanda", "status": "active"}, {"code": "BL", "name": "Saint Barth\u00e9lemy", "status": "active"}, {"code": "SH", "name": "Saint Helena, Ascension and Tristan da Cunha", "status": "active"}, {"code": "KN", "name": "Saint Kitts and Nevis", "status": "active"}, {"code": "LC", "name": "Saint Lucia", "status": "active"}, {"code": "MF", "name": "Saint Martin (French part)", "status": "active"}, {"code": "PM", "name": "Saint Pierre and Miquelon", "status": "active"}, {"code": "VC", "name": "Saint Vincent and the Grenadines", "status": "active"}, {"code": "WS", "name": "Samoa", "status": "active"}, {"code": "SM", "name": "San Marino", "status": "active"}, {"code": "ST", "name": "Sao Tome and Principe", "status": "active"}, {"code": "SA", "name": "Saudi Arabia", "status": "active"}, {"code": "SN", "name": "Senegal", "status": "active"}, {"code": "RS", "name": "Serbia", "status": "active"}, {"code": "SC", "name": "Seychelles", "status": "active"}, {"code": "SL", "name": "Sierra Leone", "status": "active"}, {"code": "SG", "name": "Singapore", "status": "active"}, {"code": "SX", "name": "Sint Maarten (Dutch part)", "status": "active"}, {"code": "SK", "name": "Slovakia", "status": "active"}, {"code": "SI", "name": "Slovenia", "status": "active"}, {"code": "SB", "name": "Solomon Islands", "status": "active"}, {"code": "SO", "name": "Somalia", "status": "active"}, {"code": "ZA", "name": "South Africa", "status": "active"}, {"code": "GS", "name": "South Georgia and the South Sandwich Islands", "status": "active"}, {"code": "SS", "name": "South Sudan", "status": "active"}, {"code": "ES", "name": "Spain", "status": "active"}, {"code": "LK", "name": "Sri Lanka", "status": "active"}, {"code": "SD", "name": "Sudan (the)", "status": "active"}, {"code": "SR", "name": "Suriname", "status": "active"}, {"code": "SJ", "name": "Svalbard and Jan Mayen", "status": "active"}, {"code": "SZ", "name": "Eswatini", "status": "active"}, {"code": "SE", "name": "Sweden", "status": "active"}, {"code": "CH", "name": "Switzerland", "status": "active"}, {"code": "SY", "name": "Syrian Arab Republic", "status": "active"}, {"code": "TW", "name": "Taiwan (Province of China)", "status": "active"}, {"code": "TJ", "name": "Tajikistan", "status": "active"}, {"code": "TZ", "name": "Tanzania, United Republic of", "status": "active"}, {"code": "TH", "name": "Thailand", "status": "active"}, {"code": "TL", "name": "Timor-Leste", "status": "active"}, {"code": "TG", "name": "Togo", "status": "active"}, {"code": "TK", "name": "Tokelau", "status": "active"}, {"code": "TO", "name": "Tonga", "status": "active"}, {"code": "TT", "name": "Trinidad and Tobago", "status": "active"}, {"code": "TN", "name": "Tunisia", "status": "active"}, {"code": "TR", "name": "Turkey", "status": "active"}, {"code": "TM", "name": "Turkmenistan", "status": "active"}, {"code": "TC", "name": "Turks and Caicos Islands (the)", "status": "active"}, {"code": "TV", "name": "Tuvalu", "status": "active"}, {"code": "UG", "name": "Uganda", "status": "active"}, {"code": "UA", "name": "Ukraine", "status": "active"}, {"code": "AE", "name": "United Arab Emirates (the)", "status": "active"}, {"code": "GB", "name": "United Kingdom of Great Britain and Northern Ireland (the)", "status": "active"}, {"code": "US", "name": "United States of America (the)", "status": "active"}, {"code": "UM", "name": "United States Minor Outlying Islands (the)", "status": "active"}, {"code": "UY", "name": "Uruguay", "status": "active"}, {"code": "UZ", "name": "Uzbekistan", "status": "active"}, {"code": "VU", "name": "Vanuatu", "status": "active"}, {"code": "VE", "name": "Venezuela (Bolivarian Republic of)", "status": "active"}, {"code": "VN", "name": "Viet Nam", "status": "active"}, {"code": "VG", "name": "Virgin Islands (British)", "status": "active"}, {"code": "VI", "name": "Virgin Islands (U.S.)", "status": "active"}, {"code": "WF", "name": "Wallis and Futuna", "status": "active"}, {"code": "EH", "name": "Western Sahara", "status": "active"}, {"code": "YE", "name": "Yemen", "status": "active"}, {"code": "ZM", "name": "Zambia", "status": "active"}, {"code": "ZW", "name": "Zimbabwe", "status": "active"}]}